Victor,Aguado Navarro,47965320Q
Mateo,Ortiz,47854157Q
Ester,Garcia,33742994Q
Marc,Aguado Navarro,47631831Q
Jon,Paquirrin,65520668Q
Miguel,,47409505Q
Ester,Garcia,47298342Q
Isabel,Fernandez,47187179Q
Noema,Fernadez Espejo,47076016Q
Eva,Aguado Navarro,46964853Q
Luisa,Romero,74853690Q
Javier,Navarro,46742527Q
Luis,Romero,93631364Q
Miguel,Aguado Aguado,46520201Q
Antonia,Aguado Aguado,10409038Q
Antonio,Aguado Aguado,46297875Q
Remedios,Guadalupe,46186712Q
Saturnina,Plutonica,46364549Q
Maccerano,Papalopoulos,82964386Q
PACO,JONES,99999999Q